{
 "laps": {
  "a/b": [
   0.10502762499999996,
   0.10503512500000012,
   0.10239941699999999,
   0.10532008300000006,
   0.10510229100000013,
   0.10511029099999991,
   0.10495820800000022,
   0.10511433300000039,
   0.10508062499999937,
   0.10516199999999998
  ],
  "a": [
   1.0489754169999999
  ]
 }
}