{
    "Agent": {
        "total": 0.000997304916381836
    },
    "Env": {
        "apply_act": 0.0009970664978027344,
        "observation_computation": 0.0,
        "powerflow_computation": 0.0009970664978027344,
        "total": 0.0019941329956054688
    },
    "total": 0.003989219665527344
}